name,iters,time,cycles,cpuTime,utime,stime,maxrss,minflt,majflt,nvcsw,nivcsw,allocated,numGcs,bytesCopied,mutatorWallSeconds,mutatorCpuSeconds,gcWallSeconds,gcCpuSeconds
name,iters,time,cycles,cpuTime,utime,stime,maxrss,minflt,majflt,nvcsw,nivcsw,allocated,numGcs,bytesCopied,mutatorWallSeconds,mutatorCpuSeconds,gcWallSeconds,gcCpuSeconds
Z3/v-->v/V1/Chc/0/numPlain/0/Compression/0.0/VCore_Total/1/VCorePlain/0/VCoreVar/0/Variants/1,1,4.3074786e-2,171978040,4.3162931e-2,4.2165e-2,1.004e-3,134956,0,0,15,1,,,,,,,
Z3/v-->v/V1/Chc/0/numPlain/0/Compression/0.0/VCore_Total/1/VCorePlain/0/VCoreVar/0/Variants/1,2,8.0821347e-2,322681880,8.0926979e-2,8.0933e-2,0.0,134956,0,0,28,0,,,,,,,
Z3/v-->v/V1/Chc/0/numPlain/0/Compression/0.0/VCore_Total/1/VCorePlain/0/VCoreVar/0/Variants/1,3,0.124569485,497347160,0.124736792,0.124741,1.0e-6,134956,0,0,40,1,,,,,,,
Z3/v-->v/V2/Chc/0/numPlain/0/Compression/0.0/VCore_Total/1/VCorePlain/0/VCoreVar/0/Variants/1,1,5.4786122e-2,218735160,5.489604e-2,5.4892e-2,8.0e-6,134956,0,0,18,0,,,,,,,
Z3/v-->v/V2/Chc/0/numPlain/0/Compression/0.0/VCore_Total/1/VCorePlain/0/VCoreVar/0/Variants/1,2,0.106645596,425784880,0.106790073,0.106795,0.0,134956,1,0,33,0,,,,,,,
Z3/v-->v/V2/Chc/0/numPlain/0/Compression/0.0/VCore_Total/1/VCorePlain/0/VCoreVar/0/Variants/1,3,0.160476697,640705720,0.160680426,0.160685,0.0,134956,0,0,47,0,,,,,,,
Z3/v-->v/V3/Chc/0/numPlain/0/Compression/0.0/VCore_Total/1/VCorePlain/0/VCoreVar/0/Variants/1,2,5.3311176e-2,212848840,5.3334152e-2,5.3339e-2,0.0,134956,0,0,24,1,,,,,,,
Z3/v-->v/V3/Chc/0/numPlain/0/Compression/0.0/VCore_Total/1/VCorePlain/0/VCoreVar/0/Variants/1,3,8.0047255e-2,319591360,8.0033113e-2,8.0038e-2,0.0,134956,0,0,37,0,,,,,,,
Z3/v-->v/V3/Chc/0/numPlain/0/Compression/0.0/VCore_Total/1/VCorePlain/0/VCoreVar/0/Variants/1,4,0.104865557,418677760,0.105059791,0.105064,1.0e-6,134956,0,0,46,1,,,,,,,
Z3/v-->v/V4/Chc/0/numPlain/0/Compression/0.0/VCore_Total/1/VCorePlain/0/VCoreVar/0/Variants/1,2,5.6173445e-2,224275680,5.6146851e-2,5.6152e-2,0.0,134956,0,0,24,0,,,,,,,
Z3/v-->v/V4/Chc/0/numPlain/0/Compression/0.0/VCore_Total/1/VCorePlain/0/VCoreVar/0/Variants/1,3,8.4879068e-2,338881720,8.4847368e-2,8.4852e-2,0.0,134956,0,0,38,0,,,,,,,
Z3/v-->v/V4/Chc/0/numPlain/0/Compression/0.0/VCore_Total/1/VCorePlain/0/VCoreVar/0/Variants/1,4,0.112937918,450908280,0.112885873,0.11289,0.0,134956,0,0,49,0,,,,,,,
Z3/v-->v/V5/Chc/0/numPlain/0/Compression/0.0/VCore_Total/1/VCorePlain/0/VCoreVar/0/Variants/1,1,5.7304215e-2,228789440,5.732154e-2,5.7326e-2,1.0e-6,134956,0,0,18,0,,,,,,,
Z3/v-->v/V5/Chc/0/numPlain/0/Compression/0.0/VCore_Total/1/VCorePlain/0/VCoreVar/0/Variants/1,2,0.11132353,444460320,0.11133938,0.111344,0.0,134956,0,0,34,0,,,,,,,
Z3/v-->v/V5/Chc/0/numPlain/0/Compression/0.0/VCore_Total/1/VCorePlain/0/VCoreVar/0/Variants/1,3,0.167581583,669071800,0.167786431,0.166788,1.002e-3,134956,0,0,52,1,,,,,,,
Z3/v-->v/V6/Chc/0/numPlain/0/Compression/0.0/VCore_Total/1/VCorePlain/0/VCoreVar/0/Variants/1,1,5.4140251e-2,216158000,5.426193e-2,5.4267e-2,0.0,134956,0,0,18,0,,,,,,,
Z3/v-->v/V6/Chc/0/numPlain/0/Compression/0.0/VCore_Total/1/VCorePlain/0/VCoreVar/0/Variants/1,2,0.108355773,432612920,0.108532283,0.108538,0.0,134956,0,0,33,0,,,,,,,
Z3/v-->v/V6/Chc/0/numPlain/0/Compression/0.0/VCore_Total/1/VCorePlain/0/VCoreVar/0/Variants/1,3,0.165341971,660131640,0.165589915,0.164594,1.0e-3,134956,0,0,49,0,,,,,,,
Z3/v-->v/V7/Chc/0/numPlain/0/Compression/0.0/VCore_Total/1/VCorePlain/0/VCoreVar/0/Variants/1,1,3.267073e-2,130439160,3.2761821e-2,3.2768e-2,0.0,134956,0,0,14,0,,,,,,,
Z3/v-->v/V7/Chc/0/numPlain/0/Compression/0.0/VCore_Total/1/VCorePlain/0/VCoreVar/0/Variants/1,2,6.7050857e-2,267703760,6.717929e-2,6.7184e-2,0.0,134956,0,0,26,0,,,,,,,
Z3/v-->v/V7/Chc/0/numPlain/0/Compression/0.0/VCore_Total/1/VCorePlain/0/VCoreVar/0/Variants/1,3,0.10111972,403723520,0.101318646,0.101323,0.0,134956,0,0,35,0,,,,,,,
Z3/v-->v/V8/Chc/0/numPlain/0/Compression/0.0/VCore_Total/1/VCorePlain/0/VCoreVar/0/Variants/1,1,3.3228396e-2,132666800,3.3318042e-2,3.3323e-2,2.0e-6,134956,0,0,14,0,,,,,,,
Z3/v-->v/V8/Chc/0/numPlain/0/Compression/0.0/VCore_Total/1/VCorePlain/0/VCoreVar/0/Variants/1,2,6.8055812e-2,271715640,6.8193883e-2,6.8194e-2,5.0e-6,134956,0,0,26,0,,,,,,,
Z3/v-->v/V8/Chc/0/numPlain/0/Compression/0.0/VCore_Total/1/VCorePlain/0/VCoreVar/0/Variants/1,3,0.104773223,418310160,0.104970506,0.104976,0.0,134956,0,0,39,0,,,,,,,
Z3/v-->v/V9/Chc/0/numPlain/0/Compression/0.0/VCore_Total/1/VCorePlain/0/VCoreVar/0/Variants/1,2,5.9139818e-2,236120000,5.9275653e-2,5.928e-2,0.0,134956,0,0,25,0,,,,,,,
Z3/v-->v/V9/Chc/0/numPlain/0/Compression/0.0/VCore_Total/1/VCorePlain/0/VCoreVar/0/Variants/1,3,8.8645832e-2,353921040,8.8817313e-2,8.8822e-2,0.0,134956,0,0,36,0,,,,,,,
Z3/v-->v/V9/Chc/0/numPlain/0/Compression/0.0/VCore_Total/1/VCorePlain/0/VCoreVar/0/Variants/1,4,0.119660456,477747280,0.119909166,0.119915,0.0,134956,0,0,51,0,,,,,,,
Z3/v-->v/V10/Chc/0/numPlain/0/Compression/0.0/VCore_Total/1/VCorePlain/0/VCoreVar/0/Variants/1,2,5.3001905e-2,211612600,5.3104905e-2,5.311e-2,0.0,134956,0,0,26,1,,,,,,,
Z3/v-->v/V10/Chc/0/numPlain/0/Compression/0.0/VCore_Total/1/VCorePlain/0/VCoreVar/0/Variants/1,3,8.050882e-2,321433840,8.0688752e-2,8.0693e-2,1.0e-6,134956,0,0,35,0,,,,,,,
Z3/v-->v/V10/Chc/0/numPlain/0/Compression/0.0/VCore_Total/1/VCorePlain/0/VCoreVar/0/Variants/1,4,0.107236783,428146200,0.107489043,0.107494,1.0e-6,134956,0,0,40,0,,,,,,,
Z3/v-->v/V1/Chc/558/numPlain/558/Compression/0.78768235/VCore_Total/2890/VCorePlain/2332/VCoreVar/558/Variants/2,1,7.1657738e-2,286096480,7.1784859e-2,7.1787e-2,3.0e-6,134956,0,0,24,0,,,,,,,
Z3/v-->v/V1/Chc/558/numPlain/558/Compression/0.78768235/VCore_Total/2890/VCorePlain/2332/VCoreVar/558/Variants/2,2,0.136648972,545572880,0.136908564,0.136913,0.0,134956,2,0,45,0,,,,,,,
Z3/v-->v/V1/Chc/558/numPlain/558/Compression/0.78768235/VCore_Total/2890/VCorePlain/2332/VCoreVar/558/Variants/2,3,0.210477491,840334400,0.210808855,0.210814,0.0,134956,22,0,66,0,,,,,,,
Z3/v-->v/V1*V2/Chc/1322/numPlain/1322/Compression/0.4616535/VCore_Total/3515/VCorePlain/2202/VCoreVar/1313/Variants/4,1,0.194423789,776237480,0.194757304,0.194763,0.0,134956,0,0,53,0,,,,,,,
Z3/v-->v/V1*V2/Chc/1322/numPlain/1322/Compression/0.4616535/VCore_Total/3515/VCorePlain/2202/VCoreVar/1313/Variants/4,2,0.4449038,1776279200,0.463915456,0.430706,3.3214e-2,134956,1,0,23289,0,,,,,,,
Z3/v-->v/V1*V2/Chc/1322/numPlain/1322/Compression/0.4616535/VCore_Total/3515/VCorePlain/2202/VCoreVar/1313/Variants/4,3,0.514414189,2053800600,0.515172527,0.513175,2.003e-3,134956,732,0,137,2,,,,,,,
Z3/v-->v/V1*V2*V3/Chc/1400/numPlain/1400/Compression/0.23948032/VCore_Total/3532/VCorePlain/2157/VCoreVar/1375/Variants/8,1,0.355117617,1417807920,0.355576879,0.355583,0.0,134956,0,0,94,1,,,,,,,
Z3/v-->v/V1*V2*V3/Chc/1400/numPlain/1400/Compression/0.23948032/VCore_Total/3532/VCorePlain/2157/VCoreVar/1375/Variants/8,2,0.717821564,2865902280,0.718789781,0.718794,0.0,134956,0,0,191,1,,,,,,,
Z3/v-->v/V1*V2*V3/Chc/1400/numPlain/1400/Compression/0.23948032/VCore_Total/3532/VCorePlain/2157/VCoreVar/1375/Variants/8,3,1.178662891,4705811120,1.192589587,1.165429,2.7165e-2,134956,2846,0,17637,5,,,,,,,
Z3/v-->v/V1*V2*V3*V4/Chc/1478/numPlain/1478/Compression/0.12483662/VCore_Total/3580/VCorePlain/2135/VCoreVar/1445/Variants/16,1,0.735588483,2936837480,0.736486134,0.735499,9.92e-4,134956,0,0,187,1,,,,,,,
Z3/v-->v/V1*V2*V3*V4/Chc/1478/numPlain/1478/Compression/0.12483662/VCore_Total/3580/VCorePlain/2135/VCoreVar/1445/Variants/16,2,1.485520686,5930938480,1.488046422,1.488052,0.0,134956,0,0,375,2,,,,,,,
Z3/v-->v/V1*V2*V3*V4/Chc/1478/numPlain/1478/Compression/0.12483662/VCore_Total/3580/VCorePlain/2135/VCoreVar/1445/Variants/16,3,2.220097208,8863734760,2.222968819,2.221,1.973e-3,134956,0,0,551,2,,,,,,,
Z3/v-->v/V1*V2*V3*V4*V5/Chc/2159/numPlain/2159/Compression/6.726688e-2/VCore_Total/3588/VCorePlain/1827/VCoreVar/1761/Variants/32,1,1.735428707,6928694920,1.74740136,1.725283,2.2123e-2,134956,0,0,14292,1,,,,,,,
Z3/v-->v/V1*V2*V3*V4*V5/Chc/2159/numPlain/2159/Compression/6.726688e-2/VCore_Total/3588/VCorePlain/1827/VCoreVar/1761/Variants/32,2,3.508247155,14006670360,3.513642475,3.510665,2.983e-3,134956,0,0,1572,3,,,,,,,
Z3/v-->v/V1*V2*V3*V4*V5/Chc/2159/numPlain/2159/Compression/6.726688e-2/VCore_Total/3588/VCorePlain/1827/VCoreVar/1761/Variants/32,3,5.251529941,20966724160,5.257473139,5.250502,6.976e-3,134956,46,0,1226,7,,,,,,,
Z3/v-->v/V1*V2*V3*V4*V5*V6/Chc/2827/numPlain/2827/Compression/3.424053e-2/VCore_Total/4020/VCorePlain/1716/VCoreVar/2304/Variants/64,1,4.647754307,18556149960,4.655070358,4.650087,4.99e-3,134956,0,0,3612,4,,,,,,,
Z3/v-->v/V1*V2*V3*V4*V5*V6/Chc/2827/numPlain/2827/Compression/3.424053e-2/VCore_Total/4020/VCorePlain/1716/VCoreVar/2304/Variants/64,2,9.390788007,37492699040,9.407968044,9.354771,5.3202e-2,134956,6359,0,24845,15,,,,,,,
Z3/v-->v/V1*V2*V3*V4*V5*V6/Chc/2827/numPlain/2827/Compression/3.424053e-2/VCore_Total/4020/VCorePlain/1716/VCoreVar/2304/Variants/64,3,14.161015397,56537821880,14.208606396,14.133285,7.5327e-2,134956,2428,0,45548,27,,,,,,,
Z3/v-->v/V1*V2*V3*V4*V5*V6*V7/Chc/3248/numPlain/3248/Compression/1.7480673e-2/VCore_Total/4135/VCorePlain/1560/VCoreVar/2575/Variants/128,1,9.818629273,39200855560,9.852206727,9.806042,4.617e-2,134956,0,0,31480,12,,,,,,,
Z3/v-->v/V1*V2*V3*V4*V5*V6*V7/Chc/3248/numPlain/3248/Compression/1.7480673e-2/VCore_Total/4135/VCorePlain/1560/VCoreVar/2575/Variants/128,2,20.409300493,81484086320,20.466115273,20.382832,8.3288e-2,135128,922,0,50175,26,,,,,,,
Z3/v-->v/V1*V2*V3*V4*V5*V6*V7/Chc/3248/numPlain/3248/Compression/1.7480673e-2/VCore_Total/4135/VCorePlain/1560/VCoreVar/2575/Variants/128,3,29.974403252,119672737080,30.077378414,29.919733,0.157649,135804,1557,0,101384,71,,,,,,,
Z3/v-->v/V1*V2*V3*V4*V5*V6*V7*V8/Chc/3633/numPlain/3633/Compression/8.891835e-3/VCore_Total/4392/VCorePlain/1498/VCoreVar/2894/Variants/256,1,23.149048244,92422523320,23.158291199,23.057991,0.100306,135804,0,0,63620,33,,,,,,,
Z3/v-->v/V1*V2*V3*V4*V5*V6*V7*V8/Chc/3633/numPlain/3633/Compression/8.891835e-3/VCore_Total/4392/VCorePlain/1498/VCoreVar/2894/Variants/256,2,46.52065213,185733596840,46.646606085,46.469007,0.177604,135804,830,0,115183,87,,,,,,,
Z3/v-->v/V1*V2*V3*V4*V5*V6*V7*V8/Chc/3633/numPlain/3633/Compression/8.891835e-3/VCore_Total/4392/VCorePlain/1498/VCoreVar/2894/Variants/256,3,69.609140375,277914333920,69.81400279,69.473699,0.340309,137344,1940,0,221012,112,,,,,,,
Z3/v-->v/V1*V2*V3*V4*V5*V6*V7*V8*V9/Chc/3752/numPlain/3752/Compression/4.50614e-3/VCore_Total/4419/VCorePlain/1461/VCoreVar/2958/Variants/512,1,47.600228399,190043801800,47.72533918,47.561861,0.163484,137344,0,0,106490,51,,,,,,,
Z3/v-->v/V1*V2*V3*V4*V5*V6*V7*V8*V9/Chc/3752/numPlain/3752/Compression/4.50614e-3/VCore_Total/4419/VCorePlain/1461/VCoreVar/2958/Variants/512,2,94.015818766,375357937760,94.264261313,93.911135,0.353132,137344,14658,0,214925,123,,,,,,,
Z3/v-->v/V1*V2*V3*V4*V5*V6*V7*V8*V9/Chc/3752/numPlain/3752/Compression/4.50614e-3/VCore_Total/4419/VCorePlain/1461/VCoreVar/2958/Variants/512,3,141.976003184,566838861840,142.279334573,141.808292,0.471046,137344,486,0,254158,183,,,,,,,
Z3/v-->v/V1*V2*V3*V4*V5*V6*V7*V8*V9*V10/Chc/3809/numPlain/3809/Compression/2.245556e-3/VCore_Total/4456/VCorePlain/1441/VCoreVar/3015/Variants/1024,1,95.80885315,382512189160,96.107269152,95.694861,0.412413,137344,256,0,268537,158,,,,,,,
Z3/v-->v/V1*V2*V3*V4*V5*V6*V7*V8*V9*V10/Chc/3809/numPlain/3809/Compression/2.245556e-3/VCore_Total/4456/VCorePlain/1441/VCoreVar/3015/Variants/1024,2,193.28423329,771660192400,193.851710232,193.071013,0.780703,137796,14509,0,493802,468,,,,,,,
Z3/v-->v/V1*V2*V3*V4*V5*V6*V7*V8*V9*V10/Chc/3809/numPlain/3809/Compression/2.245556e-3/VCore_Total/4456/VCorePlain/1441/VCoreVar/3015/Variants/1024,3,286.45168217,1143637937560,287.30551972,286.169493,1.136031,138484,8790,0,716042,228,,,,,,,
Z3/p-->v/V1/Chc/0/numPlain/0/Compression/0.0/VCore_Total/1/VCorePlain/0/VCoreVar/0/Variants/1,1,4.2163553e-2,168338240,4.2259346e-2,4.2265e-2,0.0,138484,0,0,17,0,,,,,,,
Z3/p-->v/V1/Chc/0/numPlain/0/Compression/0.0/VCore_Total/1/VCorePlain/0/VCoreVar/0/Variants/1,2,8.2733188e-2,330313000,8.2891699e-2,8.2897e-2,0.0,138484,0,0,31,1,,,,,,,
Z3/p-->v/V1/Chc/0/numPlain/0/Compression/0.0/VCore_Total/1/VCorePlain/0/VCoreVar/0/Variants/1,3,0.125101248,499463600,0.125309989,0.125315,0.0,138484,0,0,45,2,,,,,,,
Z3/p-->v/V2/Chc/0/numPlain/0/Compression/0.0/VCore_Total/1/VCorePlain/0/VCoreVar/0/Variants/1,1,5.4712618e-2,218439240,5.4843987e-2,5.4849e-2,0.0,138484,0,0,19,0,,,,,,,
Z3/p-->v/V2/Chc/0/numPlain/0/Compression/0.0/VCore_Total/1/VCorePlain/0/VCoreVar/0/Variants/1,2,0.106853402,426609760,0.107070062,0.107073,2.0e-6,138484,0,0,34,0,,,,,,,
Z3/p-->v/V2/Chc/0/numPlain/0/Compression/0.0/VCore_Total/1/VCorePlain/0/VCoreVar/0/Variants/1,3,0.160879124,642304880,0.16114783,0.161152,0.0,138484,0,0,49,1,,,,,,,
Z3/p-->v/V3/Chc/0/numPlain/0/Compression/0.0/VCore_Total/1/VCorePlain/0/VCoreVar/0/Variants/1,2,5.2995948e-2,211586320,5.3070398e-2,5.3083e-2,0.0,138484,0,0,25,1,,,,,,,
Z3/p-->v/V3/Chc/0/numPlain/0/Compression/0.0/VCore_Total/1/VCorePlain/0/VCoreVar/0/Variants/1,3,7.9846268e-2,318787360,7.9797122e-2,7.9802e-2,0.0,138484,0,0,35,1,,,,,,,
Z3/p-->v/V3/Chc/0/numPlain/0/Compression/0.0/VCore_Total/1/VCorePlain/0/VCoreVar/0/Variants/1,4,0.10397005,415096320,0.104150412,0.10316,9.95e-4,138484,0,0,47,1,,,,,,,
Z3/p-->v/V4/Chc/0/numPlain/0/Compression/0.0/VCore_Total/1/VCorePlain/0/VCoreVar/0/Variants/1,2,5.5066565e-2,219853400,5.5177648e-2,5.5182e-2,0.0,138484,0,0,24,0,,,,,,,
Z3/p-->v/V4/Chc/0/numPlain/0/Compression/0.0/VCore_Total/1/VCorePlain/0/VCoreVar/0/Variants/1,3,8.4451327e-2,337170800,8.5023217e-2,8.3018e-2,2.01e-3,138484,0,0,550,0,,,,,,,
Z3/p-->v/V4/Chc/0/numPlain/0/Compression/0.0/VCore_Total/1/VCorePlain/0/VCoreVar/0/Variants/1,4,0.110658802,441802880,0.110861368,0.110866,0.0,138484,0,0,48,0,,,,,,,
Z3/p-->v/V5/Chc/0/numPlain/0/Compression/0.0/VCore_Total/1/VCorePlain/0/VCoreVar/0/Variants/1,1,5.6730255e-2,226495280,5.6839285e-2,5.6845e-2,0.0,138484,0,0,19,0,,,,,,,
Z3/p-->v/V5/Chc/0/numPlain/0/Compression/0.0/VCore_Total/1/VCorePlain/0/VCoreVar/0/Variants/1,2,0.112369792,448632640,0.112548909,0.112553,0.0,138484,0,0,34,0,,,,,,,
Z3/p-->v/V5/Chc/0/numPlain/0/Compression/0.0/VCore_Total/1/VCorePlain/0/VCoreVar/0/Variants/1,3,0.166519617,664824320,0.166746279,0.165752,1.002e-3,138484,0,0,50,0,,,,,,,
Z3/p-->v/V6/Chc/0/numPlain/0/Compression/0.0/VCore_Total/1/VCorePlain/0/VCoreVar/0/Variants/1,1,5.5844172e-2,222957440,5.5962119e-2,5.5968e-2,0.0,138484,0,0,18,0,,,,,,,
Z3/p-->v/V6/Chc/0/numPlain/0/Compression/0.0/VCore_Total/1/VCorePlain/0/VCoreVar/0/Variants/1,2,0.109767317,438243520,0.109938865,0.109945,0.0,138484,0,0,34,0,,,,,,,
Z3/p-->v/V6/Chc/0/numPlain/0/Compression/0.0/VCore_Total/1/VCorePlain/0/VCoreVar/0/Variants/1,3,0.163501106,652772400,0.163719486,0.163724,0.0,138484,0,0,50,0,,,,,,,
Z3/p-->v/V7/Chc/0/numPlain/0/Compression/0.0/VCore_Total/1/VCorePlain/0/VCoreVar/0/Variants/1,1,3.3106546e-2,132179120,3.3172558e-2,3.3178e-2,0.0,138484,0,0,15,0,,,,,,,
Z3/p-->v/V7/Chc/0/numPlain/0/Compression/0.0/VCore_Total/1/VCorePlain/0/VCoreVar/0/Variants/1,2,6.6902222e-2,267104640,6.7029271e-2,6.7034e-2,0.0,138484,0,0,26,0,,,,,,,
Z3/p-->v/V7/Chc/0/numPlain/0/Compression/0.0/VCore_Total/1/VCorePlain/0/VCoreVar/0/Variants/1,3,0.100860987,402686600,0.10102423,0.101028,1.0e-6,138484,0,0,35,0,,,,,,,
Z3/p-->v/V8/Chc/0/numPlain/0/Compression/0.0/VCore_Total/1/VCorePlain/0/VCoreVar/0/Variants/1,1,3.3405029e-2,133368520,3.3489364e-2,3.3492e-2,1.0e-6,138484,0,0,15,0,,,,,,,
Z3/p-->v/V8/Chc/0/numPlain/0/Compression/0.0/VCore_Total/1/VCorePlain/0/VCoreVar/0/Variants/1,2,6.7997478e-2,271479400,6.8120546e-2,6.8125e-2,0.0,138484,0,0,26,0,,,,,,,
Z3/p-->v/V8/Chc/0/numPlain/0/Compression/0.0/VCore_Total/1/VCorePlain/0/VCoreVar/0/Variants/1,3,0.103694713,413999400,0.103906645,0.103912,0.0,138484,0,0,39,0,,,,,,,
Z3/p-->v/V9/Chc/0/numPlain/0/Compression/0.0/VCore_Total/1/VCorePlain/0/VCoreVar/0/Variants/1,2,5.9079205e-2,235874520,5.9248232e-2,5.9253e-2,0.0,138484,0,0,27,0,,,,,,,
Z3/p-->v/V9/Chc/0/numPlain/0/Compression/0.0/VCore_Total/1/VCorePlain/0/VCoreVar/0/Variants/1,3,8.8725931e-2,354237040,8.8929022e-2,8.8934e-2,0.0,138484,0,0,38,0,,,,,,,
Z3/p-->v/V9/Chc/0/numPlain/0/Compression/0.0/VCore_Total/1/VCorePlain/0/VCoreVar/0/Variants/1,4,0.119281843,476231720,0.119598564,0.119603,0.0,138484,0,0,46,0,,,,,,,
Z3/p-->v/V10/Chc/0/numPlain/0/Compression/0.0/VCore_Total/1/VCorePlain/0/VCoreVar/0/Variants/1,2,5.2616167e-2,210071480,5.2735626e-2,5.2741e-2,0.0,138484,0,0,23,0,,,,,,,
Z3/p-->v/V10/Chc/0/numPlain/0/Compression/0.0/VCore_Total/1/VCorePlain/0/VCoreVar/0/Variants/1,3,7.9597771e-2,317795960,7.9791496e-2,7.9798e-2,0.0,138484,0,0,35,0,,,,,,,
Z3/p-->v/V10/Chc/0/numPlain/0/Compression/0.0/VCore_Total/1/VCorePlain/0/VCoreVar/0/Variants/1,4,0.106827714,426507120,0.10710629,0.107111,0.0,138484,0,0,41,0,,,,,,,
Z3/p-->v/V1/Chc/0.0/numPlain/0.0/Compression/0.0/VCore_Total/2/VCorePlain/0/VCoreVar/0/Variants/1.0,1,6.0906674e-2,243168120,6.1050711e-2,6.1056e-2,0.0,138484,0,0,27,0,,,,,,,
Z3/p-->v/V1/Chc/0.0/numPlain/0.0/Compression/0.0/VCore_Total/2/VCorePlain/0/VCoreVar/0/Variants/1.0,2,0.120159676,479734440,0.120437148,0.120442,0.0,138484,0,0,47,0,,,,,,,
Z3/p-->v/V1/Chc/0.0/numPlain/0.0/Compression/0.0/VCore_Total/2/VCorePlain/0/VCoreVar/0/Variants/1.0,3,0.181073613,722929920,0.181535419,0.181536,4.0e-6,138484,0,0,75,0,,,,,,,
Z3/p-->v/V1*V2/Chc/0.0/numPlain/0.0/Compression/0.0/VCore_Total/4/VCorePlain/0/VCoreVar/0/Variants/1.0,1,0.165493854,660728240,0.165873757,0.165879,0.0,138484,0,0,57,0,,,,,,,
Z3/p-->v/V1*V2/Chc/0.0/numPlain/0.0/Compression/0.0/VCore_Total/4/VCorePlain/0/VCoreVar/0/Variants/1.0,2,0.324456633,1295379800,0.325023435,0.325028,0.0,144680,2997,0,112,0,,,,,,,
Z3/p-->v/V1*V2/Chc/0.0/numPlain/0.0/Compression/0.0/VCore_Total/4/VCorePlain/0/VCoreVar/0/Variants/1.0,3,0.50459383,2014569080,0.505325362,0.50533,0.0,147580,668,0,168,1,,,,,,,
Z3/p-->v/V1*V2*V3/Chc/0.0/numPlain/0.0/Compression/0.0/VCore_Total/8/VCorePlain/0/VCoreVar/0/Variants/1.0,1,0.312518652,1247717760,0.312952376,0.311958,9.99e-4,157156,36,0,112,2,,,,,,,
Z3/p-->v/V1*V2*V3/Chc/0.0/numPlain/0.0/Compression/0.0/VCore_Total/8/VCorePlain/0/VCoreVar/0/Variants/1.0,2,0.644125267,2571641400,0.648310039,0.64228,6.033e-3,164004,1701,0,4584,0,,,,,,,
Z3/p-->v/V1*V2*V3/Chc/0.0/numPlain/0.0/Compression/0.0/VCore_Total/8/VCorePlain/0/VCoreVar/0/Variants/1.0,3,0.965326261,3854022480,0.966717568,0.960712,6.01e-3,186484,5661,0,323,4,,,,,,,
Z3/p-->v/V1*V2*V3*V4/Chc/0.0/numPlain/0.0/Compression/0.0/VCore_Total/16/VCorePlain/0/VCoreVar/0/Variants/1.0,1,0.652007277,2603109520,0.652931291,0.652936,0.0,201212,581,0,220,0,,,,,,,
Z3/p-->v/V1*V2*V3*V4/Chc/0.0/numPlain/0.0/Compression/0.0/VCore_Total/16/VCorePlain/0/VCoreVar/0/Variants/1.0,2,1.360152962,5430345640,1.362833773,1.347795,1.5044e-2,268624,16681,0,445,2,,,,,,,
Z3/p-->v/V1*V2*V3*V4/Chc/0.0/numPlain/0.0/Compression/0.0/VCore_Total/16/VCorePlain/0/VCoreVar/0/Variants/1.0,3,1.933973392,7721297640,1.937248365,1.931243,6.01e-3,278576,6796,0,652,2,,,,,,,
Z3/p-->v/V1*V2*V3*V4*V5/Chc/0.0/numPlain/0.0/Compression/0.0/VCore_Total/32/VCorePlain/0/VCoreVar/0/Variants/1.0,1,1.561770048,6235293880,1.564126742,1.563134,9.98e-4,330800,322,0,481,3,,,,,,,
Z3/p-->v/V1*V2*V3*V4*V5/Chc/0.0/numPlain/0.0/Compression/0.0/VCore_Total/32/VCorePlain/0/VCoreVar/0/Variants/1.0,2,3.225577901,12877967920,3.235272077,3.226237,9.04e-3,351704,4999,0,7235,14,,,,,,,
Z3/p-->v/V1*V2*V3*V4*V5/Chc/0.0/numPlain/0.0/Compression/0.0/VCore_Total/32/VCorePlain/0/VCoreVar/0/Variants/1.0,3,4.852602364,19373785080,4.861892128,4.840842,2.1056e-2,392632,12005,0,3460,9,,,,,,,
Z3/p-->v/V1*V2*V3*V4*V5*V6/Chc/0.0/numPlain/0.0/Compression/0.0/VCore_Total/64/VCorePlain/0/VCoreVar/0/Variants/1.0,1,3.717805675,14843167080,3.725890477,3.714875,1.1021e-2,576364,4471,0,4790,10,,,,,,,
Z3/p-->v/V1*V2*V3*V4*V5*V6/Chc/0.0/numPlain/0.0/Compression/0.0/VCore_Total/64/VCorePlain/0/VCoreVar/0/Variants/1.0,2,7.323931442,29240460160,7.338462231,7.287294,5.1172e-2,763868,48185,0,8816,18,,,,,,,
Z3/p-->v/V1*V2*V3*V4*V5*V6/Chc/0.0/numPlain/0.0/Compression/0.0/VCore_Total/64/VCorePlain/0/VCoreVar/0/Variants/1.0,3,11.183014778,44647679920,11.214331086,11.154091,6.0245e-2,764660,17203,0,23251,32,,,,,,,
Z3/p-->v/V1*V2*V3*V4*V5*V6*V7/Chc/0.0/numPlain/0.0/Compression/0.0/VCore_Total/128/VCorePlain/0/VCoreVar/0/Variants/1.0,1,7.710518372,30783912080,7.765318478,7.648773,0.116558,1063596,7781,0,61033,25,,,,,,,
Z3/p-->v/V1*V2*V3*V4*V5*V6*V7/Chc/0.0/numPlain/0.0/Compression/0.0/VCore_Total/128/VCorePlain/0/VCoreVar/0/Variants/1.0,2,15.391788384,61451061760,15.444185626,15.306666,0.137525,1426408,93929,0,44688,45,,,,,,,
Z3/p-->v/V1*V2*V3*V4*V5*V6*V7/Chc/0.0/numPlain/0.0/Compression/0.0/VCore_Total/128/VCorePlain/0/VCoreVar/0/Variants/1.0,3,23.258774663,92859696440,23.345801897,23.159047,0.186759,1633340,69317,0,77114,47,,,,,,,
Z3/p-->v/V1*V2*V3*V4*V5*V6*V7*V8/Chc/0.0/numPlain/0.0/Compression/0.0/VCore_Total/256/VCorePlain/0/VCoreVar/0/Variants/1.0,1,15.655726859,62504889440,15.715492924,15.632056,8.3441e-2,2085784,1096,0,53609,34,,,,,,,
Z3/p-->v/V1*V2*V3*V4*V5*V6*V7*V8/Chc/0.0/numPlain/0.0/Compression/0.0/VCore_Total/256/VCorePlain/0/VCoreVar/0/Variants/1.0,2,31.39421938,125340253880,31.475039866,31.229135,0.245909,2774804,172738,0,63678,55,,,,,,,
Z3/p-->v/V1*V2*V3*V4*V5*V6*V7*V8/Chc/0.0/numPlain/0.0/Compression/0.0/VCore_Total/256/VCorePlain/0/VCoreVar/0/Variants/1.0,3,47.289740796,188802616360,47.426759758,47.199809,0.226956,2776708,48857,0,116139,101,,,,,,,
Z3/p-->v/V1*V2*V3*V4*V5*V6*V7*V8*V9/Chc/0.0/numPlain/0.0/Compression/0.0/VCore_Total/512/VCorePlain/0/VCoreVar/0/Variants/1.0,1,32.420324598,129437113120,32.521047578,32.378501,0.142551,4215288,1156,0,84640,45,,,,,,,
Z3/p-->v/V1*V2*V3*V4*V5*V6*V7*V8*V9/Chc/0.0/numPlain/0.0/Compression/0.0/VCore_Total/512/VCorePlain/0/VCoreVar/0/Variants/1.0,2,66.114825228,263961414360,66.3712987,65.710427,0.660877,5528564,332467,0,245636,165,,,,,,,
Z3/p-->v/V1*V2*V3*V4*V5*V6*V7*V8*V9/Chc/0.0/numPlain/0.0/Compression/0.0/VCore_Total/512/VCorePlain/0/VCoreVar/0/Variants/1.0,3,99.149828979,395852814600,99.48334247,98.93106,0.552288,5542812,90122,0,275169,205,,,,,,,
Z3/p-->v/V1*V2*V3*V4*V5*V6*V7*V8*V9*V10/Chc/0.0/numPlain/0.0/Compression/0.0/VCore_Total/1024/VCorePlain/0/VCoreVar/0/Variants/1.0,1,67.235533762,268432271120,67.562320992,67.036564,0.525762,8508592,2325,0,306489,172,,,,,,,
Z3/p-->v/V1*V2*V3*V4*V5*V6*V7*V8*V9*V10/Chc/0.0/numPlain/0.0/Compression/0.0/VCore_Total/1024/VCorePlain/0/VCoreVar/0/Variants/1.0,2,136.661049374,545609115920,137.251351485,135.871989,1.379368,11160276,673574,0,522951,365,,,,,,,
Z3/p-->v/V1*V2*V3*V4*V5*V6*V7*V8*V9*V10/Chc/0.0/numPlain/0.0/Compression/0.0/VCore_Total/1024/VCorePlain/0/VCoreVar/0/Variants/1.0,3,205.181554817,819174556160,205.921352753,204.812456,1.108902,11174872,175429,0,582072,482,,,,,,,
Z3/p-->p/V1/Chc/0/numPlain/0/Compression/0.0/VCore_Total/1/VCorePlain/0/VCoreVar/0/Variants/1,1,7.9471873e-2,317290800,7.9595939e-2,7.96e-2,1.0e-6,11174872,0,0,18,0,,,,,,,
Z3/p-->p/V1/Chc/0/numPlain/0/Compression/0.0/VCore_Total/1/VCorePlain/0/VCoreVar/0/Variants/1,2,0.158003255,630823520,0.158213781,0.158221,0.0,11174872,0,0,28,0,,,,,,,
Z3/p-->p/V1/Chc/0/numPlain/0/Compression/0.0/VCore_Total/1/VCorePlain/0/VCoreVar/0/Variants/1,3,0.239923123,957883000,0.240235085,0.240241,0.0,11174872,0,0,38,0,,,,,,,
Z3/p-->p/V2/Chc/0/numPlain/0/Compression/0.0/VCore_Total/1/VCorePlain/0/VCoreVar/0/Variants/1,1,8.0143671e-2,319972960,8.0285857e-2,8.0292e-2,0.0,11174872,0,0,18,0,,,,,,,
Z3/p-->p/V2/Chc/0/numPlain/0/Compression/0.0/VCore_Total/1/VCorePlain/0/VCoreVar/0/Variants/1,2,0.13996521,558805880,0.140157988,0.140164,0.0,11174872,0,0,26,0,,,,,,,
Z3/p-->p/V2/Chc/0/numPlain/0/Compression/0.0/VCore_Total/1/VCorePlain/0/VCoreVar/0/Variants/1,3,0.247906831,989758480,0.248216315,0.248222,0.0,11174872,0,0,37,0,,,,,,,
Z3/p-->p/V3/Chc/0/numPlain/0/Compression/0.0/VCore_Total/1/VCorePlain/0/VCoreVar/0/Variants/1,1,4.6579072e-2,185965760,4.666716e-2,4.667e-2,3.0e-6,11174872,0,0,13,1,,,,,,,
Z3/p-->p/V3/Chc/0/numPlain/0/Compression/0.0/VCore_Total/1/VCorePlain/0/VCoreVar/0/Variants/1,2,9.5136768e-2,379832680,9.5280379e-2,9.5286e-2,0.0,11174872,0,0,20,0,,,,,,,
Z3/p-->p/V3/Chc/0/numPlain/0/Compression/0.0/VCore_Total/1/VCorePlain/0/VCoreVar/0/Variants/1,3,0.137862687,550412040,0.138045423,0.138052,0.0,11174872,0,0,26,0,,,,,,,
Z3/p-->p/V4/Chc/0/numPlain/0/Compression/0.0/VCore_Total/1/VCorePlain/0/VCoreVar/0/Variants/1,1,4.6891776e-2,187214480,4.6998321e-2,4.7004e-2,0.0,11174872,0,0,13,0,,,,,,,
Z3/p-->p/V4/Chc/0/numPlain/0/Compression/0.0/VCore_Total/1/VCorePlain/0/VCoreVar/0/Variants/1,2,9.6378381e-2,384786480,9.6564008e-2,9.562e-2,9.5e-4,11174872,0,0,22,0,,,,,,,
Z3/p-->p/V4/Chc/0/numPlain/0/Compression/0.0/VCore_Total/1/VCorePlain/0/VCoreVar/0/Variants/1,3,0.146819765,586174520,0.147014791,0.147021,0.0,11174872,0,0,29,0,,,,,,,
Z3/p-->p/V5/Chc/0/numPlain/0/Compression/0.0/VCore_Total/1/VCorePlain/0/VCoreVar/0/Variants/1,1,8.5109548e-2,339799080,8.5255824e-2,8.4422e-2,8.41e-4,11174872,0,0,18,0,,,,,,,
Z3/p-->p/V5/Chc/0/numPlain/0/Compression/0.0/VCore_Total/1/VCorePlain/0/VCoreVar/0/Variants/1,2,0.171217499,683581080,0.171426695,0.171433,0.0,11174872,0,0,27,0,,,,,,,
Z3/p-->p/V5/Chc/0/numPlain/0/Compression/0.0/VCore_Total/1/VCorePlain/0/VCoreVar/0/Variants/1,3,0.232264154,927306160,0.233732068,0.230824,2.914e-3,11174872,0,0,1595,0,,,,,,,
Z3/p-->p/V6/Chc/0/numPlain/0/Compression/0.0/VCore_Total/1/VCorePlain/0/VCoreVar/0/Variants/1,1,7.4511534e-2,297486560,7.4648145e-2,7.4653e-2,2.0e-6,11174872,0,0,17,0,,,,,,,
Z3/p-->p/V6/Chc/0/numPlain/0/Compression/0.0/VCore_Total/1/VCorePlain/0/VCoreVar/0/Variants/1,2,0.124142117,495633920,0.124334468,0.12434,0.0,11174872,0,0,25,0,,,,,,,
Z3/p-->p/V6/Chc/0/numPlain/0/Compression/0.0/VCore_Total/1/VCorePlain/0/VCoreVar/0/Variants/1,3,0.223395467,891898040,0.223676734,0.222784,9.0e-4,11174872,0,0,38,1,,,,,,,
Z3/p-->p/V7/Chc/0/numPlain/0/Compression/0.0/VCore_Total/1/VCorePlain/0/VCoreVar/0/Variants/1,1,5.5962888e-2,223430920,5.6074952e-2,5.6082e-2,0.0,11174872,0,0,14,0,,,,,,,
Z3/p-->p/V7/Chc/0/numPlain/0/Compression/0.0/VCore_Total/1/VCorePlain/0/VCoreVar/0/Variants/1,2,9.4775799e-2,378389440,9.4939545e-2,9.4945e-2,0.0,11174872,0,0,20,0,,,,,,,
Z3/p-->p/V7/Chc/0/numPlain/0/Compression/0.0/VCore_Total/1/VCorePlain/0/VCoreVar/0/Variants/1,3,0.161569032,645058360,0.161791229,0.161796,0.0,11174872,0,0,30,0,,,,,,,
Z3/p-->p/V8/Chc/0/numPlain/0/Compression/0.0/VCore_Total/1/VCorePlain/0/VCoreVar/0/Variants/1,1,5.4191518e-2,216360040,5.4294733e-2,5.43e-2,1.0e-6,11174872,0,0,13,0,,,,,,,
Z3/p-->p/V8/Chc/0/numPlain/0/Compression/0.0/VCore_Total/1/VCorePlain/0/VCoreVar/0/Variants/1,2,8.3857381e-2,334800040,8.4011269e-2,8.4017e-2,0.0,11174872,0,0,19,0,,,,,,,
Z3/p-->p/V8/Chc/0/numPlain/0/Compression/0.0/VCore_Total/1/VCorePlain/0/VCoreVar/0/Variants/1,3,0.154493315,616808320,0.154721314,0.154727,0.0,11174872,0,0,31,0,,,,,,,
Z3/p-->p/V9/Chc/0/numPlain/0/Compression/0.0/VCore_Total/1/VCorePlain/0/VCoreVar/0/Variants/1,1,4.7718709e-2,190519440,4.7815942e-2,4.7823e-2,0.0,11174872,0,0,13,0,,,,,,,
Z3/p-->p/V9/Chc/0/numPlain/0/Compression/0.0/VCore_Total/1/VCorePlain/0/VCoreVar/0/Variants/1,2,9.666231e-2,385925080,9.6801995e-2,9.6808e-2,0.0,11174872,0,0,19,0,,,,,,,
Z3/p-->p/V9/Chc/0/numPlain/0/Compression/0.0/VCore_Total/1/VCorePlain/0/VCoreVar/0/Variants/1,3,0.13556007,541218680,0.135745575,0.134844,9.08e-4,11174872,0,0,27,0,,,,,,,
Z3/p-->p/V10/Chc/0/numPlain/0/Compression/0.0/VCore_Total/1/VCorePlain/0/VCoreVar/0/Variants/1,1,4.2532392e-2,169809280,4.2632367e-2,4.2638e-2,0.0,11174872,0,0,12,0,,,,,,,
Z3/p-->p/V10/Chc/0/numPlain/0/Compression/0.0/VCore_Total/1/VCorePlain/0/VCoreVar/0/Variants/1,2,8.4402392e-2,336973680,8.4533529e-2,8.4538e-2,0.0,11174872,0,0,19,0,,,,,,,
Z3/p-->p/V10/Chc/0/numPlain/0/Compression/0.0/VCore_Total/1/VCorePlain/0/VCoreVar/0/Variants/1,3,0.1276967,509825640,0.127886487,0.127893,0.0,11174872,0,0,25,0,,,,,,,
Z3/p-->p/V1/Chc/0.0/numPlain/0.0/Compression/0.0/VCore_Total/2/VCorePlain/0/VCoreVar/0/Variants/1.0,1,9.8167583e-2,391930760,9.8331103e-2,9.8332e-2,6.0e-6,11174872,0,0,22,0,,,,,,,
Z3/p-->p/V1/Chc/0.0/numPlain/0.0/Compression/0.0/VCore_Total/2/VCorePlain/0/VCoreVar/0/Variants/1.0,2,0.215248016,859369000,0.219623381,0.208614,1.1015e-2,11174872,0,0,5513,1,,,,,,,
Z3/p-->p/V1/Chc/0.0/numPlain/0.0/Compression/0.0/VCore_Total/2/VCorePlain/0/VCoreVar/0/Variants/1.0,3,0.315228533,1258536720,0.315599271,0.315604,0.0,11174872,0,0,51,1,,,,,,,
Z3/p-->p/V1*V2/Chc/0.0/numPlain/0.0/Compression/0.0/VCore_Total/4/VCorePlain/0/VCoreVar/0/Variants/1.0,1,0.269261717,1075014200,0.269603146,0.269608,0.0,11174872,0,0,45,0,,,,,,,
Z3/p-->p/V1*V2/Chc/0.0/numPlain/0.0/Compression/0.0/VCore_Total/4/VCorePlain/0/VCoreVar/0/Variants/1.0,2,0.55053268,2197975920,0.55113287,0.551138,0.0,11174872,0,0,89,1,,,,,,,
Z3/p-->p/V1*V2/Chc/0.0/numPlain/0.0/Compression/0.0/VCore_Total/4/VCorePlain/0/VCoreVar/0/Variants/1.0,3,0.844347596,3371018440,0.845206738,0.845213,0.0,11174872,0,0,124,1,,,,,,,
Z3/p-->p/V1*V2*V3/Chc/0.0/numPlain/0.0/Compression/0.0/VCore_Total/8/VCorePlain/0/VCoreVar/0/Variants/1.0,1,0.57490786,2295292720,0.575565724,0.575572,0.0,11174872,0,0,90,0,,,,,,,
Z3/p-->p/V1*V2*V3/Chc/0.0/numPlain/0.0/Compression/0.0/VCore_Total/8/VCorePlain/0/VCoreVar/0/Variants/1.0,2,1.093479873,4365664600,1.094628662,1.094634,0.0,11174872,0,0,163,2,,,,,,,
Z3/p-->p/V1*V2*V3/Chc/0.0/numPlain/0.0/Compression/0.0/VCore_Total/8/VCorePlain/0/VCoreVar/0/Variants/1.0,3,1.72471781,6885852040,1.726510699,1.725648,8.69e-4,11174872,0,0,255,1,,,,,,,
Z3/p-->p/V1*V2*V3*V4/Chc/0.0/numPlain/0.0/Compression/0.0/VCore_Total/16/VCorePlain/0/VCoreVar/0/Variants/1.0,1,1.17296913,4683022400,1.178382338,1.168455,9.934e-3,11174872,0,0,5673,2,,,,,,,
Z3/p-->p/V1*V2*V3*V4/Chc/0.0/numPlain/0.0/Compression/0.0/VCore_Total/16/VCorePlain/0/VCoreVar/0/Variants/1.0,2,2.319375442,9259995440,2.321901941,2.320965,9.42e-4,11174872,0,0,342,2,,,,,,,
Z3/p-->p/V1*V2*V3*V4/Chc/0.0/numPlain/0.0/Compression/0.0/VCore_Total/16/VCorePlain/0/VCoreVar/0/Variants/1.0,3,3.498553841,13967807200,3.502353413,3.500424,1.936e-3,11174872,0,0,526,2,,,,,,,
Z3/p-->p/V1*V2*V3*V4*V5/Chc/0.0/numPlain/0.0/Compression/0.0/VCore_Total/32/VCorePlain/0/VCoreVar/0/Variants/1.0,1,2.943135288,11750324040,2.977226429,2.917846,5.9385e-2,11174872,0,0,41856,3,,,,,,,
Z3/p-->p/V1*V2*V3*V4*V5/Chc/0.0/numPlain/0.0/Compression/0.0/VCore_Total/32/VCorePlain/0/VCoreVar/0/Variants/1.0,2,5.455494356,21780797200,5.466727554,5.453764,1.2971e-2,11174872,0,0,8215,6,,,,,,,
Z3/p-->p/V1*V2*V3*V4*V5/Chc/0.0/numPlain/0.0/Compression/0.0/VCore_Total/32/VCorePlain/0/VCoreVar/0/Variants/1.0,3,8.264561011,32995857360,8.30650597,8.243196,6.3315e-2,11174872,0,0,44994,12,,,,,,,
Z3/p-->p/V1*V2*V3*V4*V5*V6/Chc/0.0/numPlain/0.0/Compression/0.0/VCore_Total/64/VCorePlain/0/VCoreVar/0/Variants/1.0,1,6.59799161,26342166240,6.630520928,6.576266,5.4262e-2,11174872,0,0,35457,7,,,,,,,
Z3/p-->p/V1*V2*V3*V4*V5*V6/Chc/0.0/numPlain/0.0/Compression/0.0/VCore_Total/64/VCorePlain/0/VCoreVar/0/Variants/1.0,2,12.55544305,50127007200,12.57256905,12.566724,5.85e-3,11174872,0,0,6513,29,,,,,,,
Z3/p-->p/V1*V2*V3*V4*V5*V6/Chc/0.0/numPlain/0.0/Compression/0.0/VCore_Total/64/VCorePlain/0/VCoreVar/0/Variants/1.0,3,18.594994565,74239637800,18.640952481,18.576842,6.4116e-2,11174872,0,0,37638,42,,,,,,,
Z3/p-->p/V1*V2*V3*V4*V5*V6*V7/Chc/0.0/numPlain/0.0/Compression/0.0/VCore_Total/128/VCorePlain/0/VCoreVar/0/Variants/1.0,1,13.547097322,54086162240,13.574727085,13.542721,3.2012e-2,11174872,0,0,19526,12,,,,,,,
Z3/p-->p/V1*V2*V3*V4*V5*V6*V7/Chc/0.0/numPlain/0.0/Compression/0.0/VCore_Total/128/VCorePlain/0/VCoreVar/0/Variants/1.0,2,26.881508812,107323196360,26.931196671,26.546015,0.385189,12610164,491588,0,31022,19,,,,,,,
Z3/p-->p/V1*V2*V3*V4*V5*V6*V7/Chc/0.0/numPlain/0.0/Compression/0.0/VCore_Total/128/VCorePlain/0/VCoreVar/0/Variants/1.0,3,40.918371743,163364767640,41.056798248,40.373308,0.683497,15403376,734820,0,134231,59,,,,,,,
Z3/p-->p/V1*V2*V3*V4*V5*V6*V7*V8/Chc/0.0/numPlain/0.0/Compression/0.0/VCore_Total/256/VCorePlain/0/VCoreVar/0/Variants/1.0,1,28.418059297,113457878040,28.512290699,28.376775,0.135522,15410676,8,0,92127,43,,,,,,,
Z3/p-->p/V1*V2*V3*V4*V5*V6*V7*V8/Chc/0.0/numPlain/0.0/Compression/0.0/VCore_Total/256/VCorePlain/0/VCoreVar/0/Variants/1.0,2,55.747087066,222567888280,55.871731762,55.02893,0.842808,19586248,1121084,0,91608,75,,,,,,,
Z3/p-->p/V1*V2*V3*V4*V5*V6*V7*V8/Chc/0.0/numPlain/0.0/Compression/0.0/VCore_Total/256/VCorePlain/0/VCoreVar/0/Variants/1.0,3,89.7164594,358189283640,90.028519112,88.84898,1.179543,23815452,1133516,0,295874,126,,,,,,,
Z3/p-->p/V1*V2*V3*V4*V5*V6*V7*V8*V9/Chc/0.0/numPlain/0.0/Compression/0.0/VCore_Total/512/VCorePlain/0/VCoreVar/0/Variants/1.0,1,58.055921766,231786011080,58.293808873,57.862032,0.431782,23815452,0,0,248587,84,,,,,,,
Z3/p-->p/V1*V2*V3*V4*V5*V6*V7*V8*V9/Chc/0.0/numPlain/0.0/Compression/0.0/VCore_Total/512/VCorePlain/0/VCoreVar/0/Variants/1.0,2,117.716420883,469978343640,118.015543721,117.409911,0.60564,23815452,302702,0,244113,252,,,,,,,
Z3/p-->p/V1*V2*V3*V4*V5*V6*V7*V8*V9/Chc/0.0/numPlain/0.0/Compression/0.0/VCore_Total/512/VCorePlain/0/VCoreVar/0/Variants/1.0,3,178.021772184,710745386520,178.593432429,177.704272,0.889167,23815452,140127,0,534485,391,,,,,,,
Z3/p-->p/V1*V2*V3*V4*V5*V6*V7*V8*V9*V10/Chc/0.0/numPlain/0.0/Compression/0.0/VCore_Total/1024/VCorePlain/0/VCoreVar/0/Variants/1.0,1,121.215902454,483950245480,121.586713839,120.795058,0.791661,23815452,334859,0,342867,234,,,,,,,
Z3/p-->p/V1*V2*V3*V4*V5*V6*V7*V8*V9*V10/Chc/0.0/numPlain/0.0/Compression/0.0/VCore_Total/1024/VCorePlain/0/VCoreVar/0/Variants/1.0,2,243.308695867,971395760720,244.026109633,242.277319,1.748796,26221512,1180498,0,631515,422,,,,,,,
Z3/p-->p/V1*V2*V3*V4*V5*V6*V7*V8*V9*V10/Chc/0.0/numPlain/0.0/Compression/0.0/VCore_Total/1024/VCorePlain/0/VCoreVar/0/Variants/1.0,3,356.99564697,1425268524280,358.104311022,356.493915,1.610401,26221512,12,0,1024151,623,,,,,,,
Z3/v-->p/V1/Chc/0/numPlain/0/Compression/0.0/VCore_Total/1/VCorePlain/0/VCoreVar/0/Variants/1,125,3.1717869e-2,126635160,3.1788272e-2,3.1793e-2,0.0,26221512,0,0,8,0,,,,,,,
Z3/v-->p/V1/Chc/0/numPlain/0/Compression/0.0/VCore_Total/1/VCorePlain/0/VCoreVar/0/Variants/1,131,3.2674623e-2,130453360,3.2755844e-2,3.2761e-2,0.0,26221512,0,0,9,0,,,,,,,
Z3/v-->p/V1/Chc/0/numPlain/0/Compression/0.0/VCore_Total/1/VCorePlain/0/VCoreVar/0/Variants/1,138,3.2909078e-2,131390680,3.2989516e-2,3.2994e-2,0.0,26221512,0,0,9,0,,,,,,,
Z3/v-->p/V2/Chc/0/numPlain/0/Compression/0.0/VCore_Total/1/VCorePlain/0/VCoreVar/0/Variants/1,113,3.0679288e-2,122488840,3.0743184e-2,3.0748e-2,0.0,26221512,0,0,8,0,,,,,,,
Z3/v-->p/V2/Chc/0/numPlain/0/Compression/0.0/VCore_Total/1/VCorePlain/0/VCoreVar/0/Variants/1,119,3.2461809e-2,129605560,3.2529242e-2,3.2535e-2,0.0,26221512,0,0,8,0,,,,,,,
Z3/v-->p/V2/Chc/0/numPlain/0/Compression/0.0/VCore_Total/1/VCorePlain/0/VCoreVar/0/Variants/1,125,3.2096566e-2,128147720,3.2164089e-2,3.2169e-2,0.0,26221512,0,0,8,0,,,,,,,
Z3/v-->p/V3/Chc/0/numPlain/0/Compression/0.0/VCore_Total/1/VCorePlain/0/VCoreVar/0/Variants/1,138,3.2095373e-2,128141960,3.2161643e-2,3.2166e-2,0.0,26221512,0,0,8,0,,,,,,,
Z3/v-->p/V3/Chc/0/numPlain/0/Compression/0.0/VCore_Total/1/VCorePlain/0/VCoreVar/0/Variants/1,144,3.3488134e-2,133704120,3.3577229e-2,3.2587e-2,9.94e-4,26221512,0,0,9,0,,,,,,,
Z3/v-->p/V3/Chc/0/numPlain/0/Compression/0.0/VCore_Total/1/VCorePlain/0/VCoreVar/0/Variants/1,152,3.3497291e-2,133740520,3.3576084e-2,3.3579e-2,2.0e-6,26221512,0,0,9,0,,,,,,,
Z3/v-->p/V4/Chc/0/numPlain/0/Compression/0.0/VCore_Total/1/VCorePlain/0/VCoreVar/0/Variants/1,138,3.2485611e-2,129700680,3.2554311e-2,3.2559e-2,0.0,26221512,0,0,8,0,,,,,,,
Z3/v-->p/V4/Chc/0/numPlain/0/Compression/0.0/VCore_Total/1/VCorePlain/0/VCoreVar/0/Variants/1,144,3.4054677e-2,135963800,3.4142628e-2,3.3153e-2,9.94e-4,26221512,0,0,9,0,,,,,,,
Z3/v-->p/V4/Chc/0/numPlain/0/Compression/0.0/VCore_Total/1/VCorePlain/0/VCoreVar/0/Variants/1,152,3.4013659e-2,135802760,3.4091531e-2,3.4097e-2,0.0,26221512,0,0,9,0,,,,,,,
Z3/v-->p/V5/Chc/0/numPlain/0/Compression/0.0/VCore_Total/1/VCorePlain/0/VCoreVar/0/Variants/1,103,3.0046305e-2,119963760,3.0117311e-2,3.0122e-2,0.0,26221512,0,0,8,0,,,,,,,
Z3/v-->p/V5/Chc/0/numPlain/0/Compression/0.0/VCore_Total/1/VCorePlain/0/VCoreVar/0/Variants/1,113,3.0978162e-2,123681920,3.1060298e-2,3.1066e-2,0.0,26221512,0,0,9,0,,,,,,,
Z3/v-->p/V5/Chc/0/numPlain/0/Compression/0.0/VCore_Total/1/VCorePlain/0/VCoreVar/0/Variants/1,119,3.1987657e-2,127714480,3.2057678e-2,3.2063e-2,0.0,26221512,0,0,8,0,,,,,,,
Z3/v-->p/V6/Chc/0/numPlain/0/Compression/0.0/VCore_Total/1/VCorePlain/0/VCoreVar/0/Variants/1,119,3.2392132e-2,129326760,3.2453179e-2,3.2457e-2,0.0,26221512,0,0,8,0,,,,,,,
Z3/v-->p/V6/Chc/0/numPlain/0/Compression/0.0/VCore_Total/1/VCorePlain/0/VCoreVar/0/Variants/1,125,3.4207564e-2,136574760,3.4312997e-2,3.4318e-2,0.0,26221512,0,0,9,0,,,,,,,
Z3/v-->p/V6/Chc/0/numPlain/0/Compression/0.0/VCore_Total/1/VCorePlain/0/VCoreVar/0/Variants/1,131,3.564523e-2,142315400,3.5719224e-2,3.5723e-2,0.0,26221512,0,0,9,0,,,,,,,
Z3/v-->p/V7/Chc/0/numPlain/0/Compression/0.0/VCore_Total/1/VCorePlain/0/VCoreVar/0/Variants/1,119,3.0441071e-2,121538400,3.0508972e-2,3.0513e-2,0.0,26221512,0,0,8,0,,,,,,,
Z3/v-->p/V7/Chc/0/numPlain/0/Compression/0.0/VCore_Total/1/VCorePlain/0/VCoreVar/0/Variants/1,138,3.4151887e-2,136353360,3.4233389e-2,3.4238e-2,0.0,26221512,0,0,9,0,,,,,,,
Z3/v-->p/V7/Chc/0/numPlain/0/Compression/0.0/VCore_Total/1/VCorePlain/0/VCoreVar/0/Variants/1,144,3.4261957e-2,136793960,3.4320099e-2,3.4325e-2,0.0,26221512,0,0,8,1,,,,,,,
Z3/v-->p/V8/Chc/0/numPlain/0/Compression/0.0/VCore_Total/1/VCorePlain/0/VCoreVar/0/Variants/1,119,3.0712304e-2,122621600,3.0784191e-2,3.079e-2,0.0,26221512,0,0,8,0,,,,,,,
Z3/v-->p/V8/Chc/0/numPlain/0/Compression/0.0/VCore_Total/1/VCorePlain/0/VCoreVar/0/Variants/1,131,3.1890038e-2,127323480,3.1961028e-2,3.1966e-2,0.0,26221512,0,0,8,0,,,,,,,
Z3/v-->p/V8/Chc/0/numPlain/0/Compression/0.0/VCore_Total/1/VCorePlain/0/VCoreVar/0/Variants/1,138,3.3442141e-2,133519880,3.3507216e-2,3.351e-2,2.0e-6,26221512,0,0,8,1,,,,,,,
Z3/v-->p/V9/Chc/0/numPlain/0/Compression/0.0/VCore_Total/1/VCorePlain/0/VCoreVar/0/Variants/1,125,3.0242512e-2,120746360,3.0315133e-2,3.0319e-2,2.0e-6,26221512,0,0,8,0,,,,,,,
Z3/v-->p/V9/Chc/0/numPlain/0/Compression/0.0/VCore_Total/1/VCorePlain/0/VCoreVar/0/Variants/1,138,3.3088659e-2,132109200,3.3153915e-2,3.3159e-2,0.0,26221512,0,0,8,0,,,,,,,
Z3/v-->p/V9/Chc/0/numPlain/0/Compression/0.0/VCore_Total/1/VCorePlain/0/VCoreVar/0/Variants/1,152,3.4691559e-2,138507240,3.4741e-2,3.4746e-2,0.0,26221512,0,0,8,1,,,,,,,
Z3/v-->p/V10/Chc/0/numPlain/0/Compression/0.0/VCore_Total/1/VCorePlain/0/VCoreVar/0/Variants/1,125,3.0983977e-2,123706200,3.1058865e-2,3.1064e-2,0.0,26221512,0,0,8,0,,,,,,,
Z3/v-->p/V10/Chc/0/numPlain/0/Compression/0.0/VCore_Total/1/VCorePlain/0/VCoreVar/0/Variants/1,138,3.3905135e-2,135368880,3.3974441e-2,3.3979e-2,0.0,26221512,0,0,8,0,,,,,,,
Z3/v-->p/V10/Chc/0/numPlain/0/Compression/0.0/VCore_Total/1/VCorePlain/0/VCoreVar/0/Variants/1,144,3.4152595e-2,136357640,3.4231818e-2,3.4236e-2,0.0,26221512,0,0,9,1,,,,,,,
Z3/v-->p/V1/Chc/558/numPlain/558/Compression/0.78768235/VCore_Total/2890/VCorePlain/2332/VCoreVar/558/Variants/2,1,0.168286327,671871080,0.16815684,9.5905e-2,7.2258e-2,26221512,0,0,25,1,,,,,,,
Z3/v-->p/V1/Chc/558/numPlain/558/Compression/0.78768235/VCore_Total/2890/VCorePlain/2332/VCoreVar/558/Variants/2,2,0.178159537,711291640,0.178391363,0.177394,1.002e-3,26221512,0,0,30,0,,,,,,,
Z3/v-->p/V1/Chc/558/numPlain/558/Compression/0.78768235/VCore_Total/2890/VCorePlain/2332/VCoreVar/558/Variants/2,3,0.268702361,1072775600,0.269030424,0.269035,0.0,26221512,0,0,46,0,,,,,,,
Z3/v-->p/V1*V2/Chc/1322/numPlain/1322/Compression/0.4616535/VCore_Total/3515/VCorePlain/2202/VCoreVar/1313/Variants/4,1,0.236390462,943772160,0.236668313,0.236674,0.0,26221512,0,0,38,1,,,,,,,
Z3/v-->p/V1*V2/Chc/1322/numPlain/1322/Compression/0.4616535/VCore_Total/3515/VCorePlain/2202/VCoreVar/1313/Variants/4,2,0.50540475,2017791440,0.510277123,0.503235,7.046e-3,26221512,0,0,6088,0,,,,,,,
Z3/v-->p/V1*V2/Chc/1322/numPlain/1322/Compression/0.4616535/VCore_Total/3515/VCorePlain/2202/VCoreVar/1313/Variants/4,3,0.756980982,3022187560,0.757845487,0.756859,9.92e-4,26221512,0,0,115,0,,,,,,,
Z3/v-->p/V1*V2*V3/Chc/1400/numPlain/1400/Compression/0.23948032/VCore_Total/3532/VCorePlain/2157/VCoreVar/1375/Variants/8,1,0.484974747,1936224120,0.485572869,0.485579,0.0,26221512,0,0,80,0,,,,,,,
Z3/v-->p/V1*V2*V3/Chc/1400/numPlain/1400/Compression/0.23948032/VCore_Total/3532/VCorePlain/2157/VCoreVar/1375/Variants/8,2,1.033308217,4125398920,1.048393063,1.020243,2.8156e-2,26221512,0,0,18916,1,,,,,,,
Z3/v-->p/V1*V2*V3/Chc/1400/numPlain/1400/Compression/0.23948032/VCore_Total/3532/VCorePlain/2157/VCoreVar/1375/Variants/8,3,1.614115464,6444226560,1.636003982,1.591714,4.4295e-2,26221512,0,0,26181,3,,,,,,,
Z3/v-->p/V1*V2*V3*V4/Chc/1478/numPlain/1478/Compression/0.12483662/VCore_Total/3580/VCorePlain/2135/VCoreVar/1445/Variants/16,1,0.985376786,3934037360,0.986488535,0.985509,9.85e-4,26221512,0,0,153,3,,,,,,,
Z3/v-->p/V1*V2*V3*V4/Chc/1478/numPlain/1478/Compression/0.12483662/VCore_Total/3580/VCorePlain/2135/VCoreVar/1445/Variants/16,2,1.924048658,7681608040,1.926329168,1.926335,0.0,26221512,0,0,306,3,,,,,,,
Z3/v-->p/V1*V2*V3*V4/Chc/1478/numPlain/1478/Compression/0.12483662/VCore_Total/3580/VCorePlain/2135/VCoreVar/1445/Variants/16,3,3.073811577,12271940120,3.082117168,3.074141,7.981e-3,26221512,0,0,7482,6,,,,,,,
Z3/v-->p/V1*V2*V3*V4*V5/Chc/2159/numPlain/2159/Compression/6.726688e-2/VCore_Total/3588/VCorePlain/1827/VCoreVar/1761/Variants/32,1,2.549599239,10179067200,2.568275159,2.535088,3.3193e-2,26221512,0,0,22078,10,,,,,,,
Z3/v-->p/V1*V2*V3*V4*V5/Chc/2159/numPlain/2159/Compression/6.726688e-2/VCore_Total/3588/VCorePlain/1827/VCoreVar/1761/Variants/32,2,5.154837191,20580266480,5.193903872,5.12345,7.046e-2,26221512,0,0,44610,13,,,,,,,
Z3/v-->p/V1*V2*V3*V4*V5/Chc/2159/numPlain/2159/Compression/6.726688e-2/VCore_Total/3588/VCorePlain/1827/VCoreVar/1761/Variants/32,3,7.70460181,30759990560,7.727553621,7.697458,3.0101e-2,26221512,0,0,20165,20,,,,,,,
Z3/v-->p/V1*V2*V3*V4*V5*V6/Chc/2827/numPlain/2827/Compression/3.424053e-2/VCore_Total/4020/VCorePlain/1716/VCoreVar/2304/Variants/64,1,6.024301868,24051537920,6.061634992,5.995261,6.6379e-2,26221512,0,0,41033,15,,,,,,,
Z3/v-->p/V1*V2*V3*V4*V5*V6/Chc/2827/numPlain/2827/Compression/3.424053e-2/VCore_Total/4020/VCorePlain/1716/VCoreVar/2304/Variants/64,2,11.912025358,47557802200,11.973566754,11.881085,9.2487e-2,26221512,0,0,67062,30,,,,,,,
Z3/v-->p/V1*V2*V3*V4*V5*V6/Chc/2827/numPlain/2827/Compression/3.424053e-2/VCore_Total/4020/VCorePlain/1716/VCoreVar/2304/Variants/64,3,17.928596059,71578487480,17.978960996,17.921766,5.7201e-2,26221512,0,0,42693,52,,,,,,,
Z3/v-->p/V1*V2*V3*V4*V5*V6*V7/Chc/3248/numPlain/3248/Compression/1.7480673e-2/VCore_Total/4135/VCorePlain/1560/VCoreVar/2575/Variants/128,1,12.783908018,51038754760,12.852986436,12.752437,0.100555,26221512,0,0,75002,25,,,,,,,
Z3/v-->p/V1*V2*V3*V4*V5*V6*V7/Chc/3248/numPlain/3248/Compression/1.7480673e-2/VCore_Total/4135/VCorePlain/1560/VCoreVar/2575/Variants/128,2,25.864138898,103260582960,26.026542849,25.737907,0.288641,26221512,0,0,180220,53,,,,,,,
Z3/v-->p/V1*V2*V3*V4*V5*V6*V7/Chc/3248/numPlain/3248/Compression/1.7480673e-2/VCore_Total/4135/VCorePlain/1560/VCoreVar/2575/Variants/128,3,39.322071758,156990410360,39.503746992,39.227421,0.27633,26221512,0,0,194480,65,,,,,,,
Z3/v-->p/V1*V2*V3*V4*V5*V6*V7*V8/Chc/3633/numPlain/3633/Compression/8.891835e-3/VCore_Total/4392/VCorePlain/1498/VCoreVar/2894/Variants/256,1,27.371181092,109277461080,27.464926024,27.33838,0.126552,26221512,0,0,87447,32,,,,,,,
Z3/v-->p/V1*V2*V3*V4*V5*V6*V7*V8/Chc/3633/numPlain/3633/Compression/8.891835e-3/VCore_Total/4392/VCorePlain/1498/VCoreVar/2894/Variants/256,2,55.172978547,220274223480,55.381201604,55.100957,0.28025,26221512,0,0,200237,107,,,,,,,
Z3/v-->p/V1*V2*V3*V4*V5*V6*V7*V8/Chc/3633/numPlain/3633/Compression/8.891835e-3/VCore_Total/4392/VCorePlain/1498/VCoreVar/2894/Variants/256,3,82.843611257,330747496720,83.230494359,82.615494,0.615005,26221512,0,0,406607,207,,,,,,,
Z3/v-->p/V1*V2*V3*V4*V5*V6*V7*V8*V9/Chc/3752/numPlain/3752/Compression/4.50614e-3/VCore_Total/4419/VCorePlain/1461/VCoreVar/2958/Variants/512,1,56.827169197,226878858480,57.176933932,56.551493,0.625447,26221512,0,0,394153,138,,,,,,,
Z3/v-->p/V1*V2*V3*V4*V5*V6*V7*V8*V9/Chc/3752/numPlain/3752/Compression/4.50614e-3/VCore_Total/4419/VCorePlain/1461/VCoreVar/2958/Variants/512,2,113.333069657,452475320960,113.941723183,112.928038,1.01369,26221512,824,0,656302,191,,,,,,,
Z3/v-->p/V1*V2*V3*V4*V5*V6*V7*V8*V9/Chc/3752/numPlain/3752/Compression/4.50614e-3/VCore_Total/4419/VCorePlain/1461/VCoreVar/2958/Variants/512,3,169.574412865,677015940520,170.230345633,169.24485,0.985502,26221512,648,0,647922,333,,,,,,,
Z3/v-->p/V1*V2*V3*V4*V5*V6*V7*V8*V9*V10/Chc/3809/numPlain/3809/Compression/2.245556e-3/VCore_Total/4456/VCorePlain/1441/VCoreVar/3015/Variants/1024,1,115.121987648,459618247720,115.548952835,114.923261,0.625697,26221512,104,0,417814,169,,,,,,,
Z3/v-->p/V1*V2*V3*V4*V5*V6*V7*V8*V9*V10/Chc/3809/numPlain/3809/Compression/2.245556e-3/VCore_Total/4456/VCorePlain/1441/VCoreVar/3015/Variants/1024,2,232.906650583,929867463360,233.472805885,232.032593,1.440219,26221512,1645,0,912996,295,,,,,,,
Z3/v-->p/V1*V2*V3*V4*V5*V6*V7*V8*V9*V10/Chc/3809/numPlain/3809/Compression/2.245556e-3/VCore_Total/4456/VCorePlain/1441/VCoreVar/3015/Variants/1024,3,350.889935275,1400910092760,350.99299335,348.917072,2.075926,26221512,2714,0,1288284,384,,,,,,,
